{
    "breaks": [
        1.0,
        1.3814659118652344,
        1.7629318237304688,
        2.5258636474609375,
        4.051727294921875,
        5.5775909423828125,
        7.10345458984375,
        10.155181884765625,
        13.2069091796875,
        19.31036376953125,
        25.413818359375,
        37.6207275390625,
        49.82763671875,
        74.241455078125,
        98.6552734375,
        147.48291015625,
        196.310546875,
        293.9658203125,
        391.62109375,
        586.931640625,
        782.2421875,
        1172.86328125,
        1563.484375,
        1954.10546875,
        2344.7265625,
        2735.34765625,
        3125.96875,
        3907.2109375,
        4688.453125,
        5469.6953125,
        6250.9375,
        7813.421875,
        9375.90625,
        10938.390625,
        12500.875,
        15625.84375,
        18750.8125,
        21875.78125,
        25000.75,
        28125.71875,
        34375.65625,
        37500.625,
        39063.109375,
        40625.59375,
        42188.078125,
        43750.5625,
        45313.046875,
        46875.53125,
        48438.015625,
        50000.5,
        53125.46875,
        56250.4375,
        59375.40625,
        62500.375,
        65625.34375,
        68750.3125,
        71875.28125,
        75000.25,
        78125.21875,
        81250.1875,
        84375.15625,
        87500.125,
        90625.09375,
        93750.0625,
        96875.03125,
        100000.0
    ],
    "coeffA": [
        [
            111879.876446805,
            -142469.549762912,
            80194.416254291,
            -16837.195916754
        ],
        [
            84144.020524526,
            -80776.813305411,
            34357.50680737,
            -5463.288950127
        ],
        [
            62364.545319647,
            -44210.616842739,
            13835.746727108,
            -1613.010788232
        ],
        [
            41258.631663814,
            -19254.446299205,
            3947.293510523,
            -300.056171408
        ],
        [
            27659.720039229,
            -8708.940394523,
            1212.233685104,
            -62.944938324
        ],
        [
            20861.220833378,
            -4965.257557078,
            523.645546893,
            -20.646781275
        ],
        [
            15493.885612602,
            -2729.026390267,
            212.216022532,
            -6.148110914
        ],
        [
            11342.188532908,
            -1466.953239467,
            84.021400582,
            -1.798242297
        ],
        [
            8244.584514411,
            -772.051458891,
            31.891154533,
            -0.490372526
        ],
        [
            5930.590814238,
            -400.934341841,
            11.999354991,
            -0.1341484
        ],
        [
            4259.374930823,
            -205.959853357,
            4.390855157,
            -0.034828958
        ],
        [
            3034.781631701,
            -104.966781934,
            1.60696165,
            -0.00918806
        ],
        [
            2165.737817527,
            -53.23354029,
            0.576737363,
            -0.002324259
        ],
        [
            1535.387847891,
            -26.865248482,
            0.208041798,
            -0.000601636
        ],
        [
            1092.117927691,
            -13.534797676,
            0.073924217,
            -0.000150168
        ],
        [
            772.27471011,
            -6.796362879,
            0.026469553,
            -3.8496e-05
        ],
        [
            547.068745617,
            -3.401252468,
            0.009335084,
            -9.544e-06
        ],
        [
            386.822120952,
            -1.706476573,
            0.003334432,
            -2.435e-06
        ],
        [
            274.061542875,
            -0.853563919,
            0.001173529,
            -6.01e-07
        ],
        [
            193.671891818,
            -0.427765354,
            0.000418478,
            -1.53e-07
        ],
        [
            137.428769124,
            -0.214637003,
            0.000147977,
            -3.8e-08
        ],
        [
            97.935299208,
            -0.109383488,
            5.4106e-05,
            -1e-08
        ],
        [
            56.357283907,
            -0.032175388,
            6.098e-06,
            0.0
        ],
        [
            45.987355058,
            -0.021453823,
            3.327e-06,
            0.0
        ],
        [
            38.852130673,
            -0.015325068,
            2.011e-06,
            0.0
        ],
        [
            33.645863932,
            -0.01149879,
            1.308e-06,
            0.0
        ],
        [
            28.187938608,
            -0.008049142,
            7.63e-07,
            0.0
        ],
        [
            22.99602845,
            -0.005364537,
            4.16e-07,
            0.0
        ],
        [
            19.442124761,
            -0.003837619,
            2.52e-07,
            0.0
        ],
        [
            16.840044365,
            -0.002880559,
            1.64e-07,
            0.0
        ],
        [
            14.075687498,
            -0.002007014,
            9.5e-08,
            0.0
        ],
        [
            11.498029706,
            -0.001341135,
            5.2e-08,
            0.0
        ],
        [
            9.669790336,
            -0.000949248,
            3.1e-08,
            0.0
        ],
        [
            8.351655437,
            -0.00070842,
            2e-08,
            0.0
        ],
        [
            7.062270681,
            -0.00050527,
            1.2e-08,
            0.0
        ],
        [
            5.895517417,
            -0.000352472,
            7e-09,
            0.0
        ],
        [
            4.886172982,
            -0.00024239,
            4e-09,
            0.0
        ],
        [
            4.449286886,
            -0.000200543,
            3e-09,
            0.0
        ],
        [
            3.882029252,
            -0.000152853,
            2e-09,
            0.0
        ],
        [
            3.085098139,
            -9.6393e-05,
            1e-09,
            0.0
        ],
        [
            3.116114819,
            -9.7295e-05,
            1e-09,
            0.0
        ],
        [
            3.177513825,
            -9.8932e-05,
            1e-09,
            0.0
        ],
        [
            3.232372114,
            -0.000100337,
            1e-09,
            0.0
        ],
        [
            1.583275566,
            -1.9119e-05,
            0.0,
            0.0
        ],
        [
            1.525664456,
            -1.7753e-05,
            0.0,
            0.0
        ],
        [
            1.472100012,
            -1.6529e-05,
            0.0,
            0.0
        ],
        [
            1.422170219,
            -1.5427e-05,
            0.0,
            0.0
        ],
        [
            1.375517173,
            -1.4431e-05,
            0.0,
            0.0
        ],
        [
            1.331828479,
            -1.353e-05,
            0.0,
            0.0
        ],
        [
            1.27213983,
            -1.2336e-05,
            0.0,
            0.0
        ],
        [
            1.199325081,
            -1.0965e-05,
            0.0,
            0.0
        ],
        [
            1.134400339,
            -9.811e-06,
            0.0,
            0.0
        ],
        [
            1.076148307,
            -8.83e-06,
            0.0,
            0.0
        ],
        [
            1.023589993,
            -7.989e-06,
            0.0,
            0.0
        ],
        [
            0.975929086,
            -7.263e-06,
            0.0,
            0.0
        ],
        [
            0.932511222,
            -6.631e-06,
            0.0,
            0.0
        ],
        [
            0.892793693,
            -6.079e-06,
            0.0,
