{
    "breaks": [
        -11.0,
        -8.25,
        -5.5,
        -1.375,
        0.0,
        1.375,
        11.0
    ],
    "coeffA": [
        [
            8693.808491732,
            5309.603356391,
            1415.644934343,
            212.959230151,
            19.472436857,
            1.079972832,
            0.033580744,
            0.000450938
        ],
        [
            19429.589463562,
            14628.595906095,
            4907.432353395,
            944.937452567,
            112.1616176,
            8.167459984,
            0.336473546,
            0.006029466
        ],
        [
            16359.406333693,
            7870.482373136,
            -817.145230655,
            -1610.606817753,
            -552.046532223,
            -93.423426292,
            -8.175540523,
            -0.296178911
        ],
        [
            16383.773510715,
            8259.19116243,
            290.746601818,
            -398.462093378,
            0.0,
            0.0,
            0.0,
            0.0
        ],
        [
            16383.773510715,
            8259.19116243,
            -290.746601818,
            -398.462093378,
            0.0,
            0.0,
            0.0,
            0.0
        ],
        [
            14342.713943588,
            12623.085079788,
            -3575.24097427,
            516.049757514,
            -36.554570787,
            0.692812035,
            0.05302613,
            -0.002309691
        ]
    ],
    "scaler": [
        [
            3.0518e-05,
            3.0518e-05,
            3.0518e-05,
            3.0518e-05,
            3.0518e-05,
            3.0518e-05,
            3.0518e-05,
            3.0518e-05
        ],
        [
            3.0518e-05,
            3.0518e-05,
            3.0518e-05,
            3.0518e-05,
            3.0518e-05,
            3.0518e-05,
            3.0518e-05,
            3.0518e-05
        ],
        [
            3.0518e-05,
            3.0518e-05,
            3.0518e-05,
            3.0518e-05,
            3.0518e-05,
            3.0518e-05,
            3.0518e-05,
            3.0518e-05
        ],
        [
            3.0518e-05,
            3.0518e-05,
            3.0518e-05,
            3.0518e-05,
            1.0,
            1.0,
            1.0,
            1.0
        ],
        [
            3.0518e-05,
            3.0518e-05,
            3.0518e-05,
            3.0518e-05,
            1.0,
            1.0,
            1.0,
            1.0
        ],
        [
            3.0518e-05,
            3.0518e-05,
            3.0518e-05,
            3.0518e-05,
            3.0518e-05,
            3.0518e-05,
            3.0518e-05,
            3.0518e-05
        ]
    ]
}