{
    "breaks": [
        -10.0,
        -7.5,
        -5.0,
        -2.5,
        -1.25,
        0.0,
        1.25,
        10.0
    ],
    "coeffA": [
        [
            4545.722683875,
            2217.812974036,
            439.667638974,
            44.149397017,
            2.240492335,
            0.045883956
        ],
        [
            13359.373192445,
            8320.019412922,
            2140.090144763,
            282.443120772,
            19.027077026,
            0.521201435
        ],
        [
            19605.827578457,
            14152.659789837,
            4319.331697629,
            689.192666816,
            56.889106168,
            1.924198645
        ],
        [
            16400.30877033,
            8148.386637246,
            -261.025397171,
            -1091.655057355,
            -296.126374175,
            -26.604331581
        ],
        [
            16383.773510715,
            8240.235991146,
            229.023492959,
            -438.276885046,
            0.0,
            0.0
        ],
        [
            16383.773510715,
            8240.235991147,
            -229.02349296,
            -438.276885046,
            0.0,
            0.0
        ],
        [
            14509.15393502,
            12359.825585392,
            -3416.794519926,
            474.851988354,
            -32.838756487,
            0.898736782
        ]
    ],
    "scaler": [
        [
            3.0518e-05,
            3.0518e-05,
            3.0518e-05,
            3.0518e-05,
            3.0518e-05,
            3.0518e-05
        ],
        [
            3.0518e-05,
            3.0518e-05,
            3.0518e-05,
            3.0518e-05,
            3.0518e-05,
            3.0518e-05
        ],
        [
            3.0518e-05,
            3.0518e-05,
            3.0518e-05,
            3.0518e-05,
            3.0518e-05,
            3.0518e-05
        ],
        [
            3.0518e-05,
            3.0518e-05,
            3.0518e-05,
            3.0518e-05,
            3.0518e-05,
            3.0518e-05
        ],
        [
            3.0518e-05,
            3.0518e-05,
            3.0518e-05,
            3.0518e-05,
            1.0,
            1.0
        ],
        [
            3.0518e-05,
            3.0518e-05,
            3.0518e-05,
            3.0518e-05,
            1.0,
            1.0
        ],
        [
            3.0518e-05,
            3.0518e-05,
            3.0518e-05,
            3.0518e-05,
            3.0518e-05,
            3.0518e-05
        ]
    ]
}