{
    "breaks": [
        -50.0,
        -6.25,
        -3.125,
        -0.78125,
        0.0,
        0.1953125,
        0.78125,
        3.125,
        12.5,
        50.0
    ],
    "coeffA": [
        [
            -4194173.072630944,
            16.68433970131,
            0.86727673568,
            0.0183454618,
            0.00013652433
        ],
        [
            -3608817.0721267513,
            445247.40056726034,
            126867.3897902733,
            16019.69475278112,
            755.41149052651
        ],
        [
            443310.5643031598,
            6149706.701032106,
            3217043.8119967855,
            775435.898513983,
            71768.61553282502
        ],
        [
            0.0,
            4266818.971802611,
            429613.84863511875,
            -693310.0664538674,
            0.0
        ],
        [
            7e-11,
            4194576.231347561,
            -8890.07523754039,
            -1339358.640797975,
            0.0
        ],
        [
            570.1283871191,
            4182674.8934939816,
            90919.93937296577,
            -1745585.3274528827,
            669002.271183645
        ],
        [
            -443310.5643031727,
            6149706.701032137,
            -3217043.81199681,
            775435.8985139902,
            -71768.61553282566
        ],
        [
            4045268.042423117,
            76088.81124167377,
            -13754.89484578199,
            1054.42721732424,
            -29.17683277022
        ],
        [
            4194279.0022553257,
            0.00015393431,
            -7.02959e-06,
            1.3549e-07,
            -9.4e-10
        ]
    ],
    "scaler": [
        [
            2.3842e-07,
            2.3842e-07,
            2.3842e-07,
            2.3842e-07,
            2.3842e-07
        ],
        [
            2.3842e-07,
            2.3842e-07,
            2.3842e-07,
            2.3842e-07,
            2.3842e-07
        ],
        [
            2.3842e-07,
            2.3842e-07,
            2.3842e-07,
            2.3842e-07,
            2.3842e-07
        ],
        [
            2.3842e-07,
            2.3842e-07,
            2.3842e-07,
            2.3842e-07,
            1.0
        ],
        [
            2.3842e-07,
            2.3842e-07,
            2.3842e-07,
            2.3842e-07,
            1.0
        ],
        [
            2.3842e-07,
            2.3842e-07,
            2.3842e-07,
            2.3842e-07,
            2.3842e-07
        ],
        [
            2.3842e-07,
            2.3842e-07,
            2.3842e-07,
            2.3842e-07,
            2.3842e-07
        ],
        [
            2.3842e-07,
            2.3842e-07,
            2.3842e-07,
            2.3842e-07,
            2.3842e-07
        ],
        [
            2.3842e-07,
            2.3842e-07,
            2.3842e-07,
            2.3842e-07,
            2.3842e-07
        ]
    ]
}