{
    "breaks": [-10.0, -7.5, -5.0, -2.5, -1.25, 0.0, 1.25],
    "coeffA": [[2327623.5660347347, 1135624.4320527615, 225130.4859415218, 22606.56532047838, 1147.23732883095, 23.49474098284], [6840626.696854357, 4260240.813432382, 1095826.6954673284, 144624.14700730165, 9742.75732945126, 266.87962077512], [10039104.79935288, 7246826.702489385, 2211700.7508232505, 352899.0235916297, 29129.89500094228, 985.2801048559], [8397728.574711949, 4172356.768375461, -133657.2662951805, -558978.6751770459, -151630.6155559477, -13622.66763749826], [8389261.744966444, 4219387.9526474485, 117270.78788820464, -224418.35533276515, 0.0, 0.0], [8389261.744966444, 4219387.952647461, -117270.78788822632, -224418.35533275615, 0.0, 0.0], [7429368.452834376, 6328811.362667583, -1749559.3147501133, 243146.52651982073, -16814.98608190381, 460.19545475445]],
    "scaler": [[5.96e-08, 5.96e-08, 5.96e-08, 5.96e-08, 5.96e-08, 5.96e-08], [5.96e-08, 5.96e-08, 5.96e-08, 5.96e-08, 5.96e-08, 5.96e-08], [5.96e-08, 5.96e-08, 5.96e-08, 5.96e-08, 5.96e-08, 5.96e-08], [5.96e-08, 5.96e-08, 5.96e-08, 5.96e-08, 5.96e-08, 5.96e-08], [5.96e-08, 5.96e-08, 5.96e-08, 5.96e-08, 1.0, 1.0], [5.96e-08, 5.96e-08, 5.96e-08, 5.96e-08, 1.0, 1.0], [5.96e-08, 5.96e-08, 5.96e-08, 5.96e-08, 5.96e-08, 5.96e-08]]
}